{
  "x_thresholds": [
    0.028453610562213655,
    0.06491110343687495,
    0.06525559840747544,
    0.08567415552338581,
    0.08618933214861696,
    0.11002170247417806,
    0.11014478965653202,
    0.1746961973290512,
    0.1747600966995191,
    0.18053491590670565,
    0.18055522914668948,
    0.19520822898870696,
    0.19522757034217006,
    0.19780066391990975,
    0.19780359467825795,
    0.21880728222900275,
    0.21888273181182255,
    0.23737673450856725,
    0.23742745774776625,
    0.2467039013635986,
    0.24673245034892038,
    0.2494910096352981,
    0.24954594041713246,
    0.27670672619526476,
    0.2768647247643967,
    0.290937058717565,
    0.29098458738661076,
    0.29373340309697943,
    0.29377952356763126,
    0.2965214750817255,
    0.29658881575272544,
    0.3010361674740283,
    0.3010382485595002,
    0.3044938147950938,
    0.30450883041012444,
    0.30694215792624824,
    0.30706861005977903,
    0.3090233888637713,
    0.3090391887827703,
    0.3323031118320916,
    0.33266166143675685,
    0.37032444108215656,
    0.37078050513540156,
    0.40714455329938865,
    0.40772697021240745,
    0.4091081471650487,
    0.40995129522178025,
    0.43708929484985337,
    0.4385368183162565,
    0.44700065680644574,
    0.4476481892223575,
    0.5511563413283983,
    0.5531234145990248,
    0.6252447472644953
  ],
  "y_thresholds": [
    0.0,
    0.0,
    0.021052631578947368,
    0.021052631578947368,
    0.025,
    0.025,
    0.0425531914893617,
    0.0425531914893617,
    0.08108108108108109,
    0.08108108108108109,
    0.09649122807017543,
    0.09649122807017543,
    0.11428571428571428,
    0.11428571428571428,
    0.12084592145015106,
    0.12084592145015106,
    0.14461538461538462,
    0.14461538461538462,
    0.14606741573033707,
    0.14606741573033707,
    0.18867924528301888,
    0.18867924528301888,
    0.21836734693877552,
    0.21836734693877552,
    0.2850467289719626,
    0.2850467289719626,
    0.32,
    0.32,
    0.3793103448275862,
    0.3793103448275862,
    0.40384615384615385,
    0.40384615384615385,
    0.4117647058823529,
    0.4117647058823529,
    0.43478260869565216,
    0.43478260869565216,
    0.45454545454545453,
    0.45454545454545453,
    0.5500000000000002,
    0.5500000000000002,
    0.5598086124401914,
    0.5598086124401914,
    0.7043478260869566,
    0.7043478260869566,
    0.75,
    0.75,
    0.8297872340425532,
    0.8297872340425532,
    0.875,
    0.875,
    0.8870967741935484,
    0.8870967741935484,
    1.0,
    1.0
  ]
}