{
  "x_thresholds": [
    0.0018690130084366317,
    0.1555950431567987,
    0.15561192978406038,
    0.22278893206930883,
    0.22287971830540365,
    0.23201613404850965,
    0.23209541636464384,
    0.25797181358387783,
    0.25797249247054416,
    0.2760208466840621,
    0.27621249415291543,
    0.2838509618001625,
    0.2841070658140783,
    0.30130086012398555,
    0.3013436513898745,
    0.3019121790510827,
    0.3019233638899423,
    0.34035202350417987,
    0.3404266411853841,
    0.3478167438350265,
    0.34788459785336573,
    0.34820467204219835,
    0.34824234901118567,
    0.37365113744599654,
    0.37367809883963415,
    0.38495777037860535,
    0.3852085457667818,
    0.4706224655085984,
    0.4708054915707459,
    0.4721353488075364,
    0.47310822850242107,
    0.5276413649570594,
    0.5293246091789261,
    0.570940679276402
  ],
  "y_thresholds": [
    0.0,
    0.0,
    0.12396694214876033,
    0.12396694214876033,
    0.15789473684210525,
    0.15789473684210525,
    0.16216216216216217,
    0.16216216216216217,
    0.1743119266055046,
    0.1743119266055046,
    0.1791044776119403,
    0.1791044776119403,
    0.19696969696969696,
    0.19696969696969696,
    0.2,
    0.2,
    0.20698254364089774,
    0.20698254364089774,
    0.2365591397849462,
    0.2365591397849462,
    0.25,
    0.25,
    0.25475285171102663,
    0.25475285171102663,
    0.2830188679245283,
    0.2830188679245283,
    0.3036649214659686,
    0.3036649214659686,
    0.3333333333333333,
    0.3333333333333333,
    0.40625,
    0.40625,
    0.42857142857142855,
    0.42857142857142855
  ]
}