{
  "x_thresholds": [
    8.938589001758172e-06,
    0.033413627962194804,
    0.036464589160676075,
    0.055000714057340826,
    0.055131151794360206,
    0.07225335308363671,
    0.07248187944088265,
    0.10222411552200465,
    0.10241345922154421,
    0.11039865462166323,
    0.11040469981222137,
    0.13130180084754714,
    0.13145233844662185,
    0.13808855340045653,
    0.1383127396720028,
    0.16617004059972784,
    0.16620706883887162,
    0.20581845364556106,
    0.20681170192311443,
    0.2540686703101886,
    0.2542109186524518,
    0.270690855701771,
    0.2713887958449602,
    0.30841715479724136,
    0.30844548065072636,
    0.3334475086253461,
    0.3335916965099492,
    0.3935151693018136,
    0.39357585492751257,
    0.42052897070011686,
    0.420549905139324,
    0.4571632037251536,
    0.45723620626693423,
    0.49391315352830195,
    0.49393029776608327,
    0.4970257265782726,
    0.49707909433559616,
    0.5124766315913155,
    0.5129658608738248,
    0.5891401860531988,
    0.5895837116184921,
    0.7121298469228295,
    0.7121733313879897,
    0.713794245104105,
    0.7152360638734464,
    0.793517910707735,
    0.7955825829255496,
    0.9973365725534988
  ],
  "y_thresholds": [
    0.0,
    0.0,
    0.045454545454545456,
    0.045454545454545456,
    0.05555555555555555,
    0.05555555555555555,
    0.10679611650485436,
    0.10679611650485436,
    0.13043478260869565,
    0.13043478260869565,
    0.15492957746478872,
    0.15492957746478872,
    0.21052631578947367,
    0.21052631578947367,
    0.22018348623853212,
    0.22018348623853212,
    0.22377622377622378,
    0.22377622377622378,
    0.3258426966292135,
    0.3258426966292135,
    0.34328358208955223,
    0.34328358208955223,
    0.39436619718309857,
    0.39436619718309857,
    0.4235294117647059,
    0.4235294117647059,
    0.4787234042553192,
    0.4787234042553192,
    0.5064935064935064,
    0.5064935064935064,
    0.5353535353535355,
    0.5353535353535355,
    0.6263736263736264,
    0.6263736263736264,
    0.6363636363636364,
    0.6363636363636364,
    0.6585365853658537,
    0.6585365853658537,
    0.6666666666666666,
    0.6666666666666666,
    0.7225433526011561,
    0.7225433526011561,
    0.8,
    0.8,
    0.8771929824561403,
    0.8771929824561403,
    1.0,
    1.0
  ]
}