{
  "x_thresholds": [
    0.02633681436555005,
    0.06536682679416962,
    0.06538345709955806,
    0.0794265561172247,
    0.0798953027363121,
    0.09001286537497878,
    0.09003971632910775,
    0.09295408841547931,
    0.09295887950112659,
    0.12205416143623386,
    0.12212855007658359,
    0.19567009928678689,
    0.1957151599174473,
    0.2339634833008485,
    0.2340376934968554,
    0.23465223940046845,
    0.23482499447298827,
    0.2454517600626908,
    0.24554739545541615,
    0.26838911052182923,
    0.2684270822275442,
    0.2850554321887058,
    0.28506470576144693,
    0.30283521648360695,
    0.30295459317419493,
    0.3349912740179868,
    0.3351282964041205,
    0.35774834828428653,
    0.35775192111942955,
    0.3618840209252048,
    0.3620510991042142,
    0.36937728606233167,
    0.36940657588369874,
    0.4010879443205968,
    0.4012219918239898,
    0.4177345053555207,
    0.4181315953268966,
    0.4321791343988834,
    0.4321886439210987,
    0.4749420292211708,
    0.4755512616131491,
    0.5199934277181044,
    0.5200671997410317,
    0.521498931599949,
    0.5224893013759748,
    0.530992854487983,
    0.5315781307852097,
    0.5821403207373911,
    0.5828233691803457,
    0.5904898460500002,
    0.5911028846331602,
    0.6203587382851524,
    0.6204112802661222,
    0.6744358144570545,
    0.674595991669516,
    0.6927173498852393,
    0.6932538453532917,
    0.7306388153928737,
    0.730994046081013,
    0.7666571417378937,
    0.7666600736993766,
    0.8431489743554197,
    0.843230247418119,
    0.9150363568388347
  ],
  "y_thresholds": [
    0.0,
    0.0,
    0.03496503496503497,
    0.03496503496503497,
    0.037383177570093455,
    0.037383177570093455,
    0.06451612903225806,
    0.06451612903225806,
    0.10121457489878542,
    0.10121457489878542,
    0.10699588477366255,
    0.10699588477366255,
    0.136986301369863,
    0.136986301369863,
    0.16666666666666666,
    0.16666666666666666,
    0.17307692307692307,
    0.17307692307692307,
    0.19786096256684493,
    0.19786096256684493,
    0.2262773722627737,
    0.2262773722627737,
    0.2727272727272727,
    0.2727272727272727,
    0.27530364372469635,
    0.27530364372469635,
    0.32432432432432434,
    0.32432432432432434,
    0.3333333333333333,
    0.3333333333333333,
    0.37209302325581395,
    0.37209302325581395,
    0.4132653061224489,
    0.4132653061224489,
    0.46153846153846156,
    0.46153846153846156,
    0.46551724137931033,
    0.46551724137931033,
    0.5235294117647058,
    0.5235294117647058,
    0.5838926174496645,
    0.5838926174496645,
    0.625,
    0.625,
    0.6666666666666666,
    0.6666666666666666,
    0.676923076923077,
    0.676923076923077,
    0.7142857142857143,
    0.7142857142857143,
    0.7307692307692307,
    0.7307692307692307,
    0.7717391304347826,
    0.7717391304347826,
    0.8,
    0.8,
    0.8421052631578947,
    0.8421052631578947,
    0.85,
    0.85,
    0.967741935483871,
    0.967741935483871,
    1.0,
    1.0
  ]
}