{
  "x_thresholds": [
    0.02400905275846441,
    0.04075615429496847,
    0.04161999630572489,
    0.11662935178709367,
    0.1166323745809116,
    0.17271281239283381,
    0.17285021087606106,
    0.1791372609544661,
    0.17934392283305023,
    0.22023135310977282,
    0.22033558233942271,
    0.2217911653744126,
    0.22188451689968217,
    0.24873532973421864,
    0.24876553296599485,
    0.2983985606245183,
    0.2984139678891398,
    0.3029459226779988,
    0.3029713484397425,
    0.30352876290107006,
    0.30365705428399975,
    0.33318424166486105,
    0.33360792656317834,
    0.35560678461431866,
    0.3556084509453217,
    0.35947824233989756,
    0.3594852617423427,
    0.37792725004967015,
    0.37793327889115885,
    0.38281049849808507,
    0.3828489532867097,
    0.442165266448206,
    0.4423721337797103,
    0.46132916024045245,
    0.4613357954537622,
    0.46946155634964964,
    0.4695417972649145,
    0.5054355207233624,
    0.5056937788390986,
    0.5230565991465564,
    0.5232051446576393,
    0.523430799324787,
    0.5235274035996722,
    0.5863497538221915,
    0.5864677875235752,
    0.594297406099129,
    0.594632547174387,
    0.623459409298693,
    0.6237930414847769,
    0.6666825581500956,
    0.6668377035072861,
    0.6769715603177261,
    0.6769955148547331,
    0.6798755523053036,
    0.6798895820697416,
    0.6948990468219457,
    0.6949461237461244,
    0.7440114856052463,
    0.7446625410420687,
    0.7536112431010079,
    0.7542499311542574,
    0.780327153053805,
    0.780412996134058,
    0.8013296131841654,
    0.8018692418197085,
    0.8344338091906697,
    0.8351030242476417,
    0.8410097032619649,
    0.8425655826814611,
    0.9050516152712308,
    0.9050710688101182,
    0.9371395922121092
  ],
  "y_thresholds": [
    0.0,
    0.0,
    0.005376344086021506,
    0.005376344086021506,
    0.05,
    0.05,
    0.07692307692307693,
    0.07692307692307693,
    0.11046511627906977,
    0.11046511627906977,
    0.14285714285714285,
    0.14285714285714285,
    0.16666666666666666,
    0.16666666666666666,
    0.17307692307692307,
    0.17307692307692307,
    0.1875,
    0.1875,
    0.2,
    0.2,
    0.24878048780487802,
    0.24878048780487802,
    0.2784090909090909,
    0.2784090909090909,
    0.34285714285714286,
    0.34285714285714286,
    0.35,
    0.35,
    0.37254901960784315,
    0.37254901960784315,
    0.4205128205128205,
    0.4205128205128205,
    0.4396551724137931,
    0.4396551724137931,
    0.4634146341463415,
    0.4634146341463415,
    0.5024154589371981,
    0.5024154589371981,
    0.5208333333333334,
    0.5208333333333334,
    0.6,
    0.6,
    0.6280701754385964,
    0.6280701754385964,
    0.6578947368421053,
    0.6578947368421053,
    0.6692307692307692,
    0.6692307692307692,
    0.7415730337078652,
    0.7415730337078652,
    0.7435897435897436,
    0.7435897435897436,
    0.7692307692307693,
    0.7692307692307693,
    0.803921568627451,
    0.803921568627451,
    0.8176795580110497,
    0.8176795580110497,
    0.8275862068965517,
    0.8275862068965517,
    0.8279569892473119,
    0.8279569892473119,
    0.8909090909090909,
    0.8909090909090909,
    0.8985507246376812,
    0.8985507246376812,
    0.9333333333333333,
    0.9333333333333333,
    0.9732142857142857,
    0.9732142857142857,
    1.0,
    1.0
  ]
}