{
  "x_thresholds": [
    0.023609410156801094,
    0.05718645267546125,
    0.05770788181678508,
    0.10297661730692942,
    0.10305061722043517,
    0.10980875145907615,
    0.10983453243002005,
    0.15488463753203033,
    0.15491984933785,
    0.16750748164795193,
    0.16760687562642734,
    0.19131976435533102,
    0.19142082015774284,
    0.19265590670785537,
    0.19268350205081602,
    0.21104601012245197,
    0.21105210755309273,
    0.23617120441353578,
    0.23627400215626213,
    0.26142753727966167,
    0.26155156548115344,
    0.26706839704779795,
    0.26712198289483874,
    0.27858587698105786,
    0.27863305398196686,
    0.3123316781989379,
    0.31257855496377235,
    0.3418473621203382,
    0.3418547576841757,
    0.3779413097196621,
    0.3782037951410008,
    0.4016141720448179,
    0.4020306047445965,
    0.4291052319992644,
    0.4291215262387091,
    0.4335609606801629,
    0.4340164149530384,
    0.4340253550796753,
    0.4343874816949457,
    0.4517370519164472,
    0.4519709453439982,
    0.49296819591593427,
    0.4930617269660718,
    0.4944310088802253,
    0.4945430925633612,
    0.514230694332984,
    0.5146531246527559,
    0.5294017630101626,
    0.5295556638106632,
    0.5632234355989496,
    0.563244946014319,
    0.5714608004439485,
    0.5715142262051502,
    0.7013416380704209,
    0.7014278221820164,
    0.7043892764519476,
    0.7050230188317972,
    0.7245393834910304,
    0.7258235018738851,
    0.7887222637032743,
    0.7887544114313843,
    0.8414364546429152,
    0.8416713588916955,
    0.9288441759735856
  ],
  "y_thresholds": [
    0.0,
    0.0,
    0.03661971830985916,
    0.03661971830985916,
    0.07692307692307693,
    0.07692307692307693,
    0.10565110565110565,
    0.10565110565110565,
    0.1188118811881188,
    0.1188118811881188,
    0.12021857923497267,
    0.12021857923497267,
    0.14285714285714285,
    0.14285714285714285,
    0.14383561643835616,
    0.14383561643835616,
    0.1807909604519774,
    0.1807909604519774,
    0.18811881188118812,
    0.18811881188118812,
    0.2,
    0.2,
    0.21052631578947367,
    0.21052631578947367,
    0.2809917355371901,
    0.2809917355371901,
    0.3065326633165829,
    0.3065326633165829,
    0.35135135135135137,
    0.35135135135135137,
    0.35964912280701755,
    0.35964912280701755,
    0.38095238095238093,
    0.38095238095238093,
    0.47368421052631576,
    0.47368421052631576,
    0.5,
    0.5,
    0.5061728395061729,
    0.5061728395061729,
    0.5426829268292683,
    0.5426829268292683,
    0.5714285714285714,
    0.5714285714285714,
    0.6,
    0.6,
    0.6046511627906976,
    0.6046511627906976,
    0.6285714285714286,
    0.6285714285714286,
    0.6538461538461539,
    0.6538461538461539,
    0.757201646090535,
    0.757201646090535,
    0.8,
    0.8,
    0.8809523809523809,
    0.8809523809523809,
    0.8899082568807339,
    0.8899082568807339,
    0.95,
    0.95,
    1.0,
    1.0
  ]
}