{
  "x_thresholds": [
    0.03145026521748025,
    0.0701021399328232,
    0.07014717392942835,
    0.08334020879242095,
    0.08335223483825872,
    0.11898621899439225,
    0.1192130736116086,
    0.1465722943136869,
    0.14662165255881573,
    0.1481972520493121,
    0.14821024786239903,
    0.16426201667275245,
    0.16433698817741987,
    0.17378926152955604,
    0.17381082943928566,
    0.18104724033451777,
    0.18114441531293765,
    0.18261787491947584,
    0.18262190716699744,
    0.19632296801010254,
    0.19640004339479428,
    0.20563597638608258,
    0.20572086097187348,
    0.20785146388276066,
    0.2078949069255048,
    0.21504180536015696,
    0.21511679994435348,
    0.22991054369924868,
    0.23002687685756132,
    0.23029160224381015,
    0.23029223952049857,
    0.23121970309380688,
    0.23123402288184475,
    0.2353275442399872,
    0.23540365113384165,
    0.23853488172972606,
    0.2385634088851759,
    0.23900138954487316,
    0.23907313620792986,
    0.2527204985358144,
    0.2528245827624299,
    0.2534803742418913,
    0.2536437265799482,
    0.2734177472231572,
    0.2734515781900609,
    0.2785232009232582,
    0.2786072055477641,
    0.2834199017847873,
    0.2834648782509871,
    0.2840058591352587,
    0.2842240867921152,
    0.2987310579930281,
    0.2987971067719249,
    0.30491853094557125,
    0.3051295919664759,
    0.3057494144719657,
    0.30575443281370296,
    0.3078582720257482,
    0.30796149417827884,
    0.32851426438010345,
    0.32882185563728955,
    0.32892968724631727,
    0.3291755476302255,
    0.34606561173093386,
    0.34635373819657467,
    0.3612614839271783,
    0.3613766302836004,
    0.40337711921141317,
    0.40355744567655893,
    0.4705614183402065,
    0.4713076311541779,
    0.5082576990941856,
    0.5092319832024238,
    0.6397216815754694
  ],
  "y_thresholds": [
    0.0,
    0.0,
    0.013513513513513514,
    0.013513513513513514,
    0.024390243902439025,
    0.024390243902439025,
    0.03614457831325301,
    0.03614457831325301,
    0.05263157894736842,
    0.05263157894736842,
    0.057803468208092484,
    0.057803468208092484,
    0.07936507936507936,
    0.07936507936507936,
    0.07954545454545454,
    0.07954545454545454,
    0.08333333333333333,
    0.08333333333333333,
    0.09574468085106383,
    0.09574468085106383,
    0.10256410256410256,
    0.10256410256410256,
    0.11363636363636363,
    0.11363636363636363,
    0.12844036697247707,
    0.12844036697247707,
    0.13703703703703704,
    0.13703703703703704,
    0.14285714285714285,
    0.14285714285714285,
    0.15,
    0.15,
    0.15254237288135594,
    0.15254237288135594,
    0.16129032258064516,
    0.16129032258064516,
    0.16666666666666666,
    0.16666666666666666,
    0.16862745098039217,
    0.16862745098039217,
    0.17647058823529413,
    0.17647058823529413,
    0.21739130434782608,
    0.21739130434782608,
    0.25925925925925924,
    0.25925925925925924,
    0.2898550724637681,
    0.2898550724637681,
    0.3333333333333333,
    0.3333333333333333,
    0.35323383084577115,
    0.35323383084577115,
    0.36486486486486486,
    0.36486486486486486,
    0.375,
    0.375,
    0.45161290322580644,
    0.45161290322580644,
    0.4577114427860697,
    0.4577114427860697,
    0.5,
    0.5,
    0.5546218487394958,
    0.5546218487394958,
    0.6344086021505376,
    0.6344086021505376,
    0.6928571428571428,
    0.6928571428571428,
    0.8173913043478261,
    0.8173913043478261,
    0.8636363636363636,
    0.8636363636363636,
    1.0,
    1.0
  ]
}