{
  "x_thresholds": [
    0.020439493808283856,
    0.04055517915990813,
    0.041492253568235764,
    0.0873294531377124,
    0.0873665918085352,
    0.10130965625337959,
    0.1015513439499902,
    0.11591717737590841,
    0.116188769610462,
    0.16276268497847646,
    0.16279686238286517,
    0.17257917514545937,
    0.17259422151554002,
    0.17961646682680607,
    0.17978584759754088,
    0.18063078265779603,
    0.18086890353094068,
    0.21751058841805954,
    0.21752786340084038,
    0.2317728371550416,
    0.2318612023456354,
    0.23381777530711584,
    0.23388230540390204,
    0.24143017506060235,
    0.2414458275018724,
    0.24404852393960336,
    0.24410006794706493,
    0.2565276206929732,
    0.25663814022340486,
    0.2594279058788912,
    0.25944933447549545,
    0.2756070067155166,
    0.27571993223913327,
    0.2774436764747265,
    0.277497038115368,
    0.28701671367146353,
    0.28706243857208685,
    0.29419922846527496,
    0.29428660756012015,
    0.3080536786278115,
    0.30819828707527697,
    0.31369602861917323,
    0.31372927593156535,
    0.3187642183151399,
    0.3188941947926269,
    0.3570924301827305,
    0.3575934450545703,
    0.3626476713402252,
    0.3627060879804336,
    0.3855478831033761,
    0.3858089346428235,
    0.38699465555041784,
    0.38708591164571216,
    0.4017845149094395,
    0.4019069858546129,
    0.40651632462748544,
    0.406758390908168,
    0.46277690859960324,
    0.46334367989717135,
    0.4709013541426722,
    0.47182831446721024,
    0.4821098187212152,
    0.48481037020427004,
    0.5543106168049002,
    0.5553403942641855,
    0.7043654037181134
  ],
  "y_thresholds": [
    0.0,
    0.0,
    0.006622516556291391,
    0.006622516556291391,
    0.03296703296703297,
    0.03296703296703297,
    0.04504504504504504,
    0.04504504504504504,
    0.058823529411764705,
    0.058823529411764705,
    0.06451612903225806,
    0.06451612903225806,
    0.07368421052631578,
    0.07368421052631578,
    0.1111111111111111,
    0.1111111111111111,
    0.138353765323993,
    0.138353765323993,
    0.14937759336099585,
    0.14937759336099585,
    0.16279069767441862,
    0.16279069767441862,
    0.16535433070866143,
    0.16535433070866143,
    0.16666666666666666,
    0.16666666666666666,
    0.18807339449541285,
    0.18807339449541285,
    0.19444444444444445,
    0.19444444444444445,
    0.19924812030075187,
    0.19924812030075187,
    0.2222222222222222,
    0.2222222222222222,
    0.27007299270072993,
    0.27007299270072993,
    0.36082474226804123,
    0.36082474226804123,
    0.38414634146341464,
    0.38414634146341464,
    0.39622641509433965,
    0.39622641509433965,
    0.5,
    0.5,
    0.5359999999999998,
    0.5359999999999998,
    0.5609756097560976,
    0.5609756097560976,
    0.5714285714285714,
    0.5714285714285714,
    0.6666666666666666,
    0.6666666666666666,
    0.7575757575757576,
    0.7575757575757576,
    0.7692307692307693,
    0.7692307692307693,
    0.8260869565217391,
    0.8260869565217391,
    0.8571428571428571,
    0.8571428571428571,
    0.8888888888888888,
    0.8888888888888888,
    0.9,
    0.9,
    1.0,
    1.0
  ]
}