{
  "x_thresholds": [
    0.0007944144380644903,
    0.041485200398794754,
    0.04168561913930149,
    0.049483242596773815,
    0.04954191988553091,
    0.05855278513512985,
    0.058880629929986564,
    0.08033264218888445,
    0.08121133244732938,
    0.09767515829704979,
    0.09796875166909594,
    0.12638375829156118,
    0.12664320150894184,
    0.1566821601854566,
    0.15702651721828492,
    0.1750574416486117,
    0.17537393624225503,
    0.19032355007592808,
    0.1905380584783228,
    0.20086197970704134,
    0.20104787299490945,
    0.2635909267997244,
    0.2637678014033974,
    0.30421146327026805,
    0.3042735326386518,
    0.3752107284997063,
    0.37542701737974077,
    0.3861049400984541,
    0.38623411517273526,
    0.44005235975763074,
    0.44008007796140225,
    0.45297380286402705,
    0.45353828578607486,
    0.45621646383311515,
    0.45629131996180766,
    0.4902481528237749,
    0.4909393450666869,
    0.5088936315678769,
    0.5089301257879381,
    0.5610923740707515,
    0.5614089426682506,
    0.5815319708309207,
    0.5817250401893933,
    0.5823456931992073,
    0.5824719073170429,
    0.6585249946590146,
    0.6585997205336324,
    0.7135087459337888,
    0.7137889692688797,
    0.8056395678052286,
    0.8069774306276807,
    0.8323251252235336,
    0.8450963142729583
  ],
  "y_thresholds": [
    0.0,
    0.0,
    0.045454545454545456,
    0.045454545454545456,
    0.06451612903225806,
    0.06451612903225806,
    0.06557377049180328,
    0.06557377049180328,
    0.08064516129032258,
    0.08064516129032258,
    0.11538461538461539,
    0.11538461538461539,
    0.15789473684210525,
    0.15789473684210525,
    0.15942028985507245,
    0.15942028985507245,
    0.16363636363636364,
    0.16363636363636364,
    0.22727272727272727,
    0.22727272727272727,
    0.25,
    0.25,
    0.2953020134228188,
    0.2953020134228188,
    0.326271186440678,
    0.326271186440678,
    0.4,
    0.4,
    0.4025974025974026,
    0.4025974025974026,
    0.4482758620689655,
    0.4482758620689655,
    0.46153846153846156,
    0.46153846153846156,
    0.5405405405405406,
    0.5405405405405406,
    0.5555555555555556,
    0.5555555555555556,
    0.5588235294117648,
    0.5588235294117648,
    0.5714285714285714,
    0.5714285714285714,
    0.6666666666666666,
    0.6666666666666666,
    0.7368421052631579,
    0.7368421052631579,
    0.75,
    0.75,
    0.7647058823529411,
    0.7647058823529411,
    0.8,
    0.8,
    1.0
  ]
}