{
  "x_thresholds": [
    0.02605453957573769,
    0.07866094117460452,
    0.07877917939297027,
    0.11927540978644892,
    0.1200667761959092,
    0.19487310717108464,
    0.1957598750259902,
    0.1981977703182058,
    0.19824448988541646,
    0.20279404597167552,
    0.2030432558533022,
    0.21667733465971112,
    0.21673199352043857,
    0.23686307167321838,
    0.23690631634152404,
    0.2705023840948285,
    0.27064454435575663,
    0.3267630010357057,
    0.3268031822646912,
    0.3593679305422006,
    0.359558454387123,
    0.3599078697936516,
    0.3599652848197222,
    0.36304726126593184,
    0.36305642128750726,
    0.37054013660518426,
    0.37103666841178423,
    0.37120869810625345,
    0.371299886119298,
    0.3836920732409344,
    0.3839629313604054,
    0.3860973287126936,
    0.38655400120418104,
    0.3904197298546234,
    0.3905021699921952,
    0.41387087587135213,
    0.41394157158452294,
    0.43462000917061744,
    0.43462665170091547,
    0.4653011381264944,
    0.4653107880285503,
    0.4658488294913197,
    0.46590526097352025,
    0.49268306992092076,
    0.4929637172985883,
    0.49696957897971955,
    0.4972434399027682,
    0.5637381431186578,
    0.564078244748209,
    0.6346414947162934,
    0.6347932346836122,
    0.6536160140793723,
    0.6537961528015599,
    0.6886831502048629,
    0.689167291171335,
    0.7158426802366157,
    0.7167781453629144,
    0.7173853160378418,
    0.7176224899352462,
    0.7230544607465506,
    0.7230590692268288,
    0.7372119933129577,
    0.7378076662360149,
    0.761602106388139,
    0.7622729322283637,
    0.7809946867318679,
    0.7814272133716094,
    0.788832242031895,
    0.7888437948992509,
    0.8138439537347119,
    0.8143097674945763,
    0.8494073936107842,
    0.849764990330423,
    0.9148100586907546,
    0.9166225268124553,
    0.9459826765055398
  ],
  "y_thresholds": [
    0.0,
    0.0,
    0.007462686567164179,
    0.007462686567164179,
    0.07647058823529412,
    0.07647058823529412,
    0.08333333333333333,
    0.08333333333333333,
    0.08695652173913043,
    0.08695652173913043,
    0.09090909090909091,
    0.09090909090909091,
    0.1744186046511628,
    0.1744186046511628,
    0.2,
    0.2,
    0.24307692307692308,
    0.24307692307692308,
    0.24311926605504589,
    0.24311926605504589,
    0.25,
    0.25,
    0.2727272727272727,
    0.2727272727272727,
    0.3191489361702128,
    0.3191489361702128,
    0.3333333333333333,
    0.3333333333333333,
    0.35802469135802467,
    0.35802469135802467,
    0.375,
    0.375,
    0.3793103448275862,
    0.3793103448275862,
    0.4,
    0.4,
    0.43795620437956206,
    0.43795620437956206,
    0.4659090909090909,
    0.4659090909090909,
    0.5,
    0.5,
    0.5246913580246914,
    0.5246913580246914,
    0.55,
    0.55,
    0.5605536332179931,
    0.5605536332179931,
    0.649390243902439,
    0.649390243902439,
    0.7176470588235294,
    0.7176470588235294,
    0.7678571428571429,
    0.7678571428571429,
    0.7708333333333334,
    0.7708333333333334,
    0.8,
    0.8,
    0.8235294117647058,
    0.8235294117647058,
    0.8333333333333334,
    0.8333333333333334,
    0.8539325842696629,
    0.8539325842696629,
    0.8823529411764706,
    0.8823529411764706,
    0.8888888888888888,
    0.8888888888888888,
    0.9090909090909091,
    0.9090909090909091,
    0.9154929577464789,
    0.9154929577464789,
    0.9789473684210527,
    0.9789473684210527,
    1.0,
    1.0
  ]
}