{
  "x_thresholds": [
    0.026980820820373355,
    0.05029738552874671,
    0.05036198069606657,
    0.13653509516712758,
    0.13661249327227845,
    0.14332329729448243,
    0.14341470514019702,
    0.15815714836846811,
    0.15825039881141753,
    0.1862165195966612,
    0.1864003841037934,
    0.21967264834425412,
    0.21969908042670303,
    0.22857390113323076,
    0.22892385515125988,
    0.23409251762674335,
    0.23411206583949787,
    0.26061223161050706,
    0.2606364268475631,
    0.30559668136085033,
    0.30565993331934005,
    0.3301044220921557,
    0.3302171919511326,
    0.3336641357558174,
    0.3338151810485229,
    0.350270199523503,
    0.35033967626543794,
    0.35898842462836583,
    0.3594896355711992,
    0.36066720540064384,
    0.36072786980061866,
    0.37280322000099225,
    0.3728280512617113,
    0.37916423996283327,
    0.37944678689393957,
    0.4100443375077339,
    0.4101661903644145,
    0.4645564787021033,
    0.4648201091541946,
    0.4659257048486207,
    0.4659840570205032,
    0.5270084516993607,
    0.5272908494901243,
    0.5305464584729765,
    0.5309763049844366,
    0.5337939475288154,
    0.5342851738715553,
    0.5350454996116284,
    0.5351282730562124,
    0.6000507755132978,
    0.6001106769966064,
    0.6005182811727378,
    0.6007124232858391,
    0.627558991412402,
    0.627969025906512,
    0.6541150686368158,
    0.6543707883090909,
    0.664016355171551,
    0.6642562147749931,
    0.6924649439300156,
    0.692821924796352,
    0.7134969160497294,
    0.7137058380507233,
    0.7155289754783283,
    0.7161117801304235,
    0.7281296326457535,
    0.7287615699233372,
    0.767931081528295,
    0.7685046342705136,
    0.7770099027209421,
    0.7771753617831203,
    0.8493734050565607,
    0.8495185336329149,
    0.8667413548200874,
    0.8669244587686692,
    0.9308369461779303
  ],
  "y_thresholds": [
    0.0,
    0.0,
    0.004016064257028112,
    0.004016064257028112,
    0.05555555555555555,
    0.05555555555555555,
    0.07547169811320754,
    0.07547169811320754,
    0.08035714285714286,
    0.08035714285714286,
    0.09859154929577464,
    0.09859154929577464,
    0.10810810810810811,
    0.10810810810810811,
    0.12,
    0.12,
    0.15950920245398773,
    0.15950920245398773,
    0.20077220077220076,
    0.20077220077220076,
    0.2472527472527472,
    0.2472527472527472,
    0.2857142857142857,
    0.2857142857142857,
    0.2867647058823529,
    0.2867647058823529,
    0.3103448275862069,
    0.3103448275862069,
    0.3333333333333333,
    0.3333333333333333,
    0.35294117647058826,
    0.35294117647058826,
    0.36538461538461536,
    0.36538461538461536,
    0.4251207729468599,
    0.4251207729468599,
    0.43641618497109824,
    0.43641618497109824,
    0.5,
    0.5,
    0.5000000000000001,
    0.5000000000000001,
    0.5217391304347826,
    0.5217391304347826,
    0.5714285714285714,
    0.5714285714285714,
    0.6,
    0.6,
    0.6596491228070176,
    0.6596491228070176,
    0.6666666666666666,
    0.6666666666666666,
    0.6942148760330579,
    0.6942148760330579,
    0.7105263157894737,
    0.7105263157894737,
    0.7333333333333333,
    0.7333333333333333,
    0.7428571428571429,
    0.7428571428571429,
    0.7604166666666666,
    0.7604166666666666,
    0.8,
    0.8,
    0.825,
    0.825,
    0.8384615384615385,
    0.8384615384615385,
    0.8571428571428571,
    0.8571428571428571,
    0.9186046511627907,
    0.9186046511627907,
    0.9473684210526315,
    0.9473684210526315,
    1.0,
    1.0
  ]
}