{
  "x_thresholds": [
    0.011886809440527673,
    0.04642934793029604,
    0.04673257157818044,
    0.07328229090646102,
    0.07357168881691409,
    0.10727427091227522,
    0.1074085273154196,
    0.13115821971801442,
    0.1311706798019636,
    0.14679063682331694,
    0.1468386990504512,
    0.17566025354930642,
    0.1756937438344698,
    0.18712826509928293,
    0.18722266307044894,
    0.22044776865948507,
    0.22064423181121254,
    0.2263732501927015,
    0.22639033194956623,
    0.251477248469701,
    0.25157002679831747,
    0.2607601270668381,
    0.2608883772305764,
    0.26583263584412187,
    0.26583280493275063,
    0.27443298979894265,
    0.274435544345599,
    0.2768657272651086,
    0.27694252247371304,
    0.284083627472296,
    0.2841328080678882,
    0.2860881551167041,
    0.2861056066131556,
    0.2863722087508318,
    0.2864216901486338,
    0.29587272739046333,
    0.29594565097165815,
    0.3024122380279362,
    0.3024712694942315,
    0.30550298970639156,
    0.3055944585273015,
    0.32919036719566375,
    0.3293811558841557,
    0.34749274376614875,
    0.34791566503071586,
    0.35055134191432896,
    0.3505534241481509,
    0.3669201975965054,
    0.36725824543633323,
    0.3849559723425101,
    0.3853152426965504,
    0.40785381936270015,
    0.40816541311510074,
    0.42793135493471174,
    0.4283846550002567,
    0.5062006596680227,
    0.5083099019194891,
    0.5338606448923817,
    0.5412541852055767,
    0.6794089170753198
  ],
  "y_thresholds": [
    0.0,
    0.0,
    0.010526315789473684,
    0.010526315789473684,
    0.015873015873015872,
    0.015873015873015872,
    0.03864734299516908,
    0.03864734299516908,
    0.045454545454545456,
    0.045454545454545456,
    0.08549222797927461,
    0.08549222797927461,
    0.12025316455696203,
    0.12025316455696203,
    0.12619502868068833,
    0.12619502868068833,
    0.14,
    0.14,
    0.16037735849056603,
    0.16037735849056603,
    0.1937984496124031,
    0.1937984496124031,
    0.21052631578947367,
    0.21052631578947367,
    0.22695035460992907,
    0.22695035460992907,
    0.25806451612903225,
    0.25806451612903225,
    0.26744186046511625,
    0.26744186046511625,
    0.2857142857142857,
    0.2857142857142857,
    0.3333333333333333,
    0.3333333333333333,
    0.33884297520661155,
    0.33884297520661155,
    0.38028169014084506,
    0.38028169014084506,
    0.40540540540540543,
    0.40540540540540543,
    0.41810344827586204,
    0.41810344827586204,
    0.5251798561151078,
    0.5251798561151078,
    0.5555555555555556,
    0.5555555555555556,
    0.5714285714285714,
    0.5714285714285714,
    0.6585365853658537,
    0.6585365853658537,
    0.74,
    0.74,
    0.7948717948717948,
    0.7948717948717948,
    0.875,
    0.875,
    0.9,
    0.9,
    1.0,
    1.0
  ]
}