{
  "x_thresholds": [
    0.0221761101097417,
    0.05785115568232461,
    0.05885362859936788,
    0.08688286236212422,
    0.08712281329886043,
    0.09909297141444007,
    0.09934609404860428,
    0.11135231041158683,
    0.11140974032940894,
    0.1947502147428679,
    0.19479773242267973,
    0.20599016945342177,
    0.20608626251576023,
    0.21329065249217083,
    0.21357341377728128,
    0.21912667364008345,
    0.21914244368054708,
    0.2582089178709932,
    0.2583949779071873,
    0.2784824982516556,
    0.2787556555335721,
    0.33927921355531915,
    0.33929583536805086,
    0.3399741089993944,
    0.3400728252655067,
    0.3624491313451067,
    0.3628032581083872,
    0.36481498095452336,
    0.36494170184137853,
    0.3655337781257476,
    0.36556687413392164,
    0.3911235442020693,
    0.39139366389757524,
    0.4210197213820752,
    0.42114884051197,
    0.43679341373662534,
    0.4367967429432474,
    0.4793165534385801,
    0.4794753349410868,
    0.48543465918519496,
    0.4855906892204724,
    0.5194081202224791,
    0.5198117913707678,
    0.5248661087961026,
    0.5249389610394503,
    0.5406907171564311,
    0.5407851798871505,
    0.5882909762633665,
    0.5884154042938103,
    0.6030173384164526,
    0.6036461978985624,
    0.6252507242345124,
    0.6254644313075589,
    0.629737369656638,
    0.6307164078089643,
    0.6859766627275047,
    0.6861735962169087,
    0.6960968444657454,
    0.6964818480012439,
    0.6970867760472895,
    0.6976751911088065,
    0.7072013237256892,
    0.7072959663035984,
    0.7385061764484818,
    0.7385258066266185,
    0.7417811579215594,
    0.7418213580911988,
    0.778324671382352,
    0.7787651040000706,
    0.8004987584241539,
    0.8006334722997674,
    0.8269384004955708,
    0.8277882339840691,
    0.8520586437682361,
    0.8535507932405421,
    0.9126874219068163,
    0.9132352007674619,
    0.9513899675952064
  ],
  "y_thresholds": [
    0.0,
    0.0,
    0.012345679012345678,
    0.012345679012345678,
    0.02127659574468085,
    0.02127659574468085,
    0.025,
    0.025,
    0.06687898089171974,
    0.06687898089171974,
    0.09836065573770492,
    0.09836065573770492,
    0.14634146341463414,
    0.14634146341463414,
    0.15384615384615385,
    0.15384615384615385,
    0.18421052631578946,
    0.18421052631578946,
    0.18811881188118812,
    0.18811881188118812,
    0.2268041237113402,
    0.2268041237113402,
    0.25,
    0.25,
    0.2846715328467153,
    0.2846715328467153,
    0.3333333333333333,
    0.3333333333333333,
    0.375,
    0.375,
    0.38164251207729466,
    0.38164251207729466,
    0.39361702127659576,
    0.39361702127659576,
    0.44,
    0.44,
    0.45258620689655177,
    0.45258620689655177,
    0.5526315789473685,
    0.5526315789473685,
    0.5573770491803276,
    0.5573770491803276,
    0.5666666666666667,
    0.5666666666666667,
    0.569620253164557,
    0.569620253164557,
    0.5970873786407767,
    0.5970873786407767,
    0.6226415094339622,
    0.6226415094339622,
    0.7010309278350515,
    0.7010309278350515,
    0.7142857142857143,
    0.7142857142857143,
    0.7401574803149606,
    0.7401574803149606,
    0.7804878048780488,
    0.7804878048780488,
    0.8,
    0.8,
    0.8095238095238095,
    0.8095238095238095,
    0.825,
    0.825,
    0.8333333333333334,
    0.8333333333333334,
    0.8373983739837398,
    0.8373983739837398,
    0.8412698412698413,
    0.8412698412698413,
    0.9032258064516129,
    0.9032258064516129,
    0.9230769230769231,
    0.9230769230769231,
    0.9759036144578314,
    0.9759036144578314,
    1.0,
    1.0
  ]
}