{
  "x_thresholds": [
    0.026083502124008714,
    0.06044032271104743,
    0.0604557124012186,
    0.08760105409153836,
    0.08766400887437764,
    0.09351570651552804,
    0.09366378289028114,
    0.11149298785788693,
    0.1116150274441209,
    0.11592680833054728,
    0.11596266272432372,
    0.12353545173592137,
    0.12356175311573411,
    0.12451611340611063,
    0.1245969394694382,
    0.12797253921100465,
    0.1281347208366043,
    0.20636575005583366,
    0.206375628556713,
    0.21100616154866245,
    0.2110839634486006,
    0.21660387035993098,
    0.2166111090448231,
    0.23703628874099,
    0.2372563230965671,
    0.26776247178556345,
    0.2678764198224819,
    0.27102947354448176,
    0.27119284703404845,
    0.2930516933023024,
    0.29305903139503214,
    0.3041152036134251,
    0.3041636805949443,
    0.3710853700039911,
    0.3711679953583207,
    0.37429732677160504,
    0.3743522281483627,
    0.3795785358848716,
    0.379762037768364,
    0.4055410448983991,
    0.4055452597936341,
    0.4431711425302388,
    0.4432173634045899,
    0.44880811866080705,
    0.4493407097365113,
    0.4535018338152412,
    0.45384990416141835,
    0.45831031961878393,
    0.45832243534137784,
    0.5157311225776628,
    0.5163089361609335,
    0.5187519669217819,
    0.5189527271118517,
    0.5365676233392279,
    0.5368120803593284,
    0.568067339165726,
    0.5688528662003237,
    0.6075610756172539,
    0.6079075370872573,
    0.6501856590378569,
    0.6503000978563847,
    0.7093821967801287,
    0.7107219193357847,
    0.7197335977735525,
    0.7211067156831986,
    0.7459523596544008,
    0.7462743496658074,
    0.7514647027426254,
    0.7521578248755324,
    0.7977754090470138,
    0.798371668689101,
    0.8262953268436545,
    0.8266549897059334,
    0.9359877975580125
  ],
  "y_thresholds": [
    0.0,
    0.0,
    0.0273972602739726,
    0.0273972602739726,
    0.05,
    0.05,
    0.07222222222222222,
    0.07222222222222222,
    0.09433962264150944,
    0.09433962264150944,
    0.0945945945945946,
    0.0945945945945946,
    0.1,
    0.1,
    0.1111111111111111,
    0.1111111111111111,
    0.11587301587301588,
    0.11587301587301588,
    0.13513513513513514,
    0.13513513513513514,
    0.13725490196078433,
    0.13725490196078433,
    0.1962025316455696,
    0.1962025316455696,
    0.20502092050209206,
    0.20502092050209206,
    0.21739130434782608,
    0.21739130434782608,
    0.2346368715083799,
    0.2346368715083799,
    0.2777777777777778,
    0.2777777777777778,
    0.31353919239904987,
    0.31353919239904987,
    0.3157894736842105,
    0.3157894736842105,
    0.375,
    0.375,
    0.41964285714285715,
    0.41964285714285715,
    0.4307692307692308,
    0.4307692307692308,
    0.4411764705882353,
    0.4411764705882353,
    0.4666666666666667,
    0.4666666666666667,
    0.47368421052631576,
    0.47368421052631576,
    0.5357142857142858,
    0.5357142857142858,
    0.625,
    0.625,
    0.6379310344827587,
    0.6379310344827587,
    0.6790123456790123,
    0.6790123456790123,
    0.7010309278350515,
    0.7010309278350515,
    0.7468354430379747,
    0.7468354430379747,
    0.8307692307692308,
    0.8307692307692308,
    0.8571428571428571,
    0.8571428571428571,
    0.8666666666666667,
    0.8666666666666667,
    0.8888888888888888,
    0.8888888888888888,
    0.891566265060241,
    0.891566265060241,
    0.967741935483871,
    0.967741935483871,
    1.0,
    1.0
  ]
}