{
  "x_thresholds": [
    0.0258463795366491,
    0.049438380988554104,
    0.04965495244803265,
    0.08021735053913144,
    0.08033544917014128,
    0.08990877916909491,
    0.08991997069785382,
    0.1096800528387093,
    0.1097681231307791,
    0.20135676722237952,
    0.20146554230921143,
    0.21355289849082282,
    0.21362219753259085,
    0.24032275527056401,
    0.24043003598154805,
    0.28472386849453774,
    0.2847246751475027,
    0.3052253121084837,
    0.30526492098041985,
    0.32518196065190946,
    0.3252849941712366,
    0.3310494765203227,
    0.3310580219703089,
    0.33673992852537826,
    0.3367973765413571,
    0.38683422718632093,
    0.38686853255531223,
    0.38709623746531907,
    0.3873862889118522,
    0.4043671058006036,
    0.40440422633454676,
    0.4290196232836632,
    0.4291960820124237,
    0.4575402889180185,
    0.45768672618518286,
    0.4583811759473097,
    0.4589777128576022,
    0.49211655654563474,
    0.4926699797650761,
    0.4961011921968858,
    0.4967790831783135,
    0.5267274980785281,
    0.5271422046494216,
    0.5345082909549913,
    0.5350087278563744,
    0.6367719223618435,
    0.6372731264229626,
    0.7017795268244317,
    0.7041908519375846,
    0.7092101102599366,
    0.7098828886437791,
    0.7333306661673804,
    0.7338153917854804,
    0.7361462813636542,
    0.7367096519158678,
    0.7981033504292769,
    0.7982943595403522,
    0.8088543013086427,
    0.8091333392034854,
    0.8397865530800283,
    0.8402427522730165,
    0.864658929674413,
    0.8647300722881665,
    0.9047542171374321
  ],
  "y_thresholds": [
    0.0,
    0.0,
    0.02127659574468085,
    0.02127659574468085,
    0.06382978723404255,
    0.06382978723404255,
    0.1,
    0.1,
    0.10393700787401575,
    0.10393700787401575,
    0.11818181818181818,
    0.11818181818181818,
    0.17616580310880828,
    0.17616580310880828,
    0.20680628272251309,
    0.20680628272251309,
    0.23529411764705882,
    0.23529411764705882,
    0.25333333333333335,
    0.25333333333333335,
    0.26,
    0.26,
    0.3103448275862069,
    0.3103448275862069,
    0.3993808049535604,
    0.3993808049535604,
    0.4,
    0.4,
    0.42528735632183906,
    0.42528735632183906,
    0.43089430894308944,
    0.43089430894308944,
    0.488,
    0.488,
    0.5,
    0.5,
    0.5373134328358209,
    0.5373134328358209,
    0.5454545454545454,
    0.5454545454545454,
    0.5858585858585857,
    0.5858585858585857,
    0.6666666666666666,
    0.6666666666666666,
    0.722488038277512,
    0.722488038277512,
    0.8021978021978022,
    0.8021978021978022,
    0.8181818181818182,
    0.8181818181818182,
    0.9047619047619048,
    0.9047619047619048,
    0.9090909090909091,
    0.9090909090909091,
    0.9347826086956522,
    0.9347826086956522,
    0.9375,
    0.9375,
    0.95,
    0.95,
    0.9565217391304348,
    0.9565217391304348,
    1.0,
    1.0
  ]
}