{
  "classes": [
    "away",
    "draw",
    "home"
  ],
  "intercepts": [
    -0.08451199345232976,
    0.10687831891909981,
    -0.022366325466769966
  ],
  "coefficients": [
    [
      0.11350801125304924,
      0.06546804718606246,
      0.06480858309608951,
      0.07719816361349403,
      0.06546804718606217,
      -0.0648085830960882,
      0.07719816361349403,
      -0.22450592051421497,
      -0.0390844534755079,
      -0.0963610527059575,
      -0.07355566991563989,
      -0.05888568074699367,
      0.0,
      -0.05448619736156985,
      0.10157919089289254,
      -0.06718160896026255,
      0.0012922696198522793,
      -0.06718160896026255,
      0.0012922696198522793,
      0.0,
      -0.3338128562622993,
      0.17495677702958284,
      -0.7321136446589982,
      -0.10256091437633759,
      0.19960794895646883
    ],
    [
      0.03873980729006772,
      -0.03021627790928999,
      -0.026793132922721015,
      -0.03390049343341196,
      -0.030216277909289067,
      0.026793132922719898,
      -0.03390049343341196,
      0.0570033219840454,
      0.04109315280493452,
      0.07441224334755814,
      0.08308667708979657,
      -0.030008465539431192,
      0.0,
      -0.05660267523088556,
      0.11855808149637977,
      0.0024760708156557933,
      0.0409655693170139,
      0.0024760708156557933,
      0.0409655693170139,
      0.0,
      0.05408698683992759,
      -0.003989852708656033,
      0.10044103872048506,
      0.0819787190104668,
      0.08461076879809172
    ],
    [
      -0.15224781854311858,
      -0.035251769276772364,
      -0.038015450173368624,
      -0.0432976701800817,
      -0.03525176927677227,
      0.03801545017336955,
      -0.0432976701800817,
      0.1675025985301681,
      -0.0020086993294250897,
      0.02194880935840079,
      -0.009531007174157089,
      0.08889414628642565,
      0.0,
      0.11108887259245596,
      -0.22013727238927255,
      0.0647055381446063,
      -0.0422578389368657,
      0.0647055381446063,
      -0.0422578389368657,
      0.0,
      0.2797258694223719,
      -0.17096692432092683,
      0.6316726059385106,
      0.020582195365870297,
      -0.28421871775456004
    ]
  ],
  "feature_names": [
    "elo_diff",
    "attack_diff",
    "defense_diff",
    "goal_diff_diff",
    "goals_for_diff",
    "goals_against_diff",
    "net_goals_diff",
    "form_diff",
    "home_form",
    "away_form",
    "position_diff",
    "shots_on_target_diff",
    "possession_diff",
    "clean_sheet_diff",
    "rest_days_diff",
    "home_short_rest",
    "away_short_rest",
    "home_euro_fatigue",
    "away_euro_fatigue",
    "is_neutral",
    "lambda_home",
    "lambda_away",
    "vegas_home_prob",
    "vegas_draw_prob",
    "mc_home_win_prob"
  ]
}