{
  "mean": [
    -0.6196017792253775,
    -0.005703703703703703,
    -0.01000682261208576,
    -0.02120921052631578,
    -0.007700000000000011,
    0.013509210526315823,
    -0.02120921052631578,
    -0.007696393762183236,
    0.49950657894736844,
    0.4173209064327479,
    0.038157894736842106,
    -0.04165987886382618,
    0.0,
    -0.0033144736842105242,
    0.3815789473684211,
    0.1368421052631579,
    0.14078947368421052,
    0.1368421052631579,
    0.14078947368421052,
    0.0,
    1.8340792280799232,
    1.5895568372319697,
    0.435596840215764,
    0.2356584439869323,
    0.4284790191769619
  ],
  "scale": [
    87.31907340576383,
    0.5906272194113478,
    0.5198403202065042,
    1.265346020252089,
    0.7973467462053189,
    0.7017844322787804,
    1.265346020252089,
    0.2881759603829782,
    0.2516857964385503,
    0.24144819056676214,
    8.09880542044486,
    1.6916037628378093,
    1.0,
    0.21853990614985258,
    23.60751837493128,
    0.34368058352241454,
    0.34780425210732424,
    0.34368058352241454,
    0.34780425210732424,
    1.0,
    0.9557890945171293,
    0.8479400130414371,
    0.19803135525560664,
    0.048828961363654826,
    0.25089528835220226
  ],
  "feature_names": [
    "elo_diff",
    "attack_diff",
    "defense_diff",
    "goal_diff_diff",
    "goals_for_diff",
    "goals_against_diff",
    "net_goals_diff",
    "form_diff",
    "home_form",
    "away_form",
    "position_diff",
    "shots_on_target_diff",
    "possession_diff",
    "clean_sheet_diff",
    "rest_days_diff",
    "home_short_rest",
    "away_short_rest",
    "home_euro_fatigue",
    "away_euro_fatigue",
    "is_neutral",
    "lambda_home",
    "lambda_away",
    "vegas_home_prob",
    "vegas_draw_prob",
    "mc_home_win_prob"
  ]
}