{
  "mean": [
    -0.142751332954536,
    -0.032130693672852095,
    -0.028394540174089888,
    -0.08170906569337179,
    -0.043376436458350376,
    0.03833262923502132,
    -0.08170906569337179,
    -0.013619781033273323,
    0.5180308429497724,
    0.3971498494785139,
    0.03618421052631579,
    -0.13472335293279017,
    0.0,
    -0.01261252576940328,
    -0.1631578947368421,
    0.12072368421052632,
    0.12236842105263158,
    0.12072368421052632,
    0.12236842105263158,
    0.0,
    1.7831002332342432,
    1.2051402801469193,
    0.4388346080341218,
    0.24217844162338825,
    0.4798429141977951,
    1.1575544251458123,
    0.9453705259273005,
    0.9497912604531394,
    1.1570309096981004,
    0.3716524122807065,
    -0.04354824561403499
  ],
  "scale": [
    94.47204442550478,
    0.6810364367954821,
    0.619865695315071,
    1.4341568799277453,
    0.9193991896739011,
    0.8368186886753467,
    1.4341568799277453,
    0.2878827289208023,
    0.2589107644900516,
    0.25278320890906975,
    8.10904343555704,
    1.9671019225789692,
    1.0,
    0.2820794419137153,
    35.22328716131866,
    0.32580588742556926,
    0.3277108337875242,
    0.32580588742556926,
    0.3277108337875242,
    1.0,
    1.0360686161784018,
    0.7858578060698751,
    0.19879517446280406,
    0.051335514073429116,
    0.26227290482795523,
    0.5167691011991565,
    0.41731657940588196,
    0.4491215570015524,
    0.45018562322910516,
    0.2935375332432679,
    1.2034639444157083
  ],
  "feature_names": [
    "elo_diff",
    "attack_diff",
    "defense_diff",
    "goal_diff_diff",
    "goals_for_diff",
    "goals_against_diff",
    "net_goals_diff",
    "form_diff",
    "home_form",
    "away_form",
    "position_diff",
    "shots_on_target_diff",
    "possession_diff",
    "clean_sheet_diff",
    "rest_days_diff",
    "home_short_rest",
    "away_short_rest",
    "home_euro_fatigue",
    "away_euro_fatigue",
    "is_neutral",
    "lambda_home",
    "lambda_away",
    "vegas_home_prob",
    "vegas_draw_prob",
    "mc_home_win_prob",
    "home_att_home",
    "home_def_home",
    "away_att_away",
    "away_def_away",
    "h2h_home_win_rate",
    "h2h_goal_diff"
  ]
}